Timestamp,Distance (mm)
2024-05-27 14:09:43,149
2024-05-27 14:09:45,148
2024-05-27 14:09:47,148
2024-05-27 14:09:49,149
2024-05-27 14:09:51,148
2024-05-27 14:09:53,151
2024-05-27 14:09:55,148
2024-05-27 14:09:57,148
2024-05-27 14:09:59,150
2024-05-27 14:10:01,148
2024-05-27 14:10:03,149
2024-05-27 14:10:05,146
2024-05-27 14:10:07,147
2024-05-27 14:10:09,145
2024-05-27 14:10:11,148
2024-05-27 14:10:13,149
2024-05-27 14:10:15,150
2024-05-27 14:10:17,148
2024-05-27 14:10:19,147
2024-05-27 14:10:21,148
2024-05-27 14:10:23,151
2024-05-27 14:10:25,149
2024-05-27 14:10:27,151
2024-05-27 14:10:29,149
2024-05-27 14:10:31,148
2024-05-27 14:10:33,149
2024-05-27 14:10:35,150
2024-05-27 14:10:37,151
2024-05-27 14:10:39,150
2024-05-27 14:10:41,152
2024-05-27 14:10:43,151
2024-05-27 14:10:45,149
2024-05-27 14:10:47,147
2024-05-27 14:10:49,149
2024-05-27 14:10:51,150
2024-05-27 14:10:53,149
2024-05-27 14:10:55,147
2024-05-27 14:10:57,147
2024-05-27 14:10:59,149
2024-05-27 14:11:01,149
2024-05-27 14:11:03,148
2024-05-27 14:11:05,149
2024-05-27 14:11:07,150
2024-05-27 14:11:09,148
2024-05-27 14:11:11,147
2024-05-27 14:11:13,149
2024-05-27 14:11:15,149
2024-05-27 14:11:17,149
2024-05-27 14:11:19,149
2024-05-27 14:11:21,148
2024-05-27 14:11:23,148
2024-05-27 14:11:25,148
2024-05-27 14:11:27,148
2024-05-27 14:11:29,149
2024-05-27 14:11:31,151
2024-05-27 14:11:33,148
2024-05-27 14:11:35,150
2024-05-27 14:11:37,148
2024-05-27 14:11:39,145
2024-05-27 14:11:41,149
2024-05-27 14:11:43,150
2024-05-27 14:11:45,150
2024-05-27 14:11:47,149
2024-05-27 14:11:49,151
2024-05-27 14:11:51,149
2024-05-27 14:11:53,148
2024-05-27 14:11:55,148
2024-05-27 14:11:57,148
2024-05-27 14:11:59,151
2024-05-27 14:12:01,148
2024-05-27 14:12:03,150
2024-05-27 14:12:05,151
2024-05-27 14:12:07,149
2024-05-27 14:12:09,148
2024-05-27 14:12:11,146
2024-05-27 14:12:13,149
2024-05-27 14:12:15,148
2024-05-27 14:12:17,149
2024-05-27 14:12:19,148
2024-05-27 14:12:21,148
2024-05-27 14:12:23,146
2024-05-27 14:12:25,150
2024-05-27 14:12:27,150
2024-05-27 14:12:29,149
2024-05-27 14:12:31,146
2024-05-27 14:12:33,150
2024-05-27 14:12:35,149
2024-05-27 14:12:37,147
2024-05-27 14:12:39,146
2024-05-27 14:12:41,149
2024-05-27 14:12:43,151
2024-05-27 14:12:45,147
2024-05-27 14:12:47,148
2024-05-27 14:12:49,148
2024-05-27 14:12:51,147
2024-05-27 14:12:53,150
2024-05-27 14:12:55,149
2024-05-27 14:12:57,148
2024-05-27 14:12:59,149
2024-05-27 14:13:01,147
2024-05-27 14:13:03,146
2024-05-27 14:13:05,150
2024-05-27 14:13:07,149
2024-05-27 14:13:09,150
2024-05-27 14:13:11,149
2024-05-27 14:13:13,148
2024-05-27 14:13:15,150
2024-05-27 14:13:17,148
2024-05-27 14:13:19,148
2024-05-27 14:13:21,149
2024-05-27 14:13:23,148
2024-05-27 14:13:25,149
2024-05-27 14:13:27,150
2024-05-27 14:13:29,149
2024-05-27 14:13:31,149
2024-05-27 14:13:33,151
2024-05-27 14:13:35,148
2024-05-27 14:13:37,148
2024-05-27 14:13:39,150
2024-05-27 14:13:41,149
2024-05-27 14:13:43,148
2024-05-27 14:13:45,149
2024-05-27 14:13:47,149
2024-05-27 14:13:49,150
2024-05-27 14:13:51,150
2024-05-27 14:13:53,149
2024-05-27 14:13:55,147
2024-05-27 14:13:57,148
2024-05-27 14:13:59,149
2024-05-27 14:14:01,149
2024-05-27 14:14:03,147
2024-05-27 14:14:05,149
2024-05-27 14:14:07,150
2024-05-27 14:14:09,147
2024-05-27 14:14:11,147
2024-05-27 14:14:13,147
2024-05-27 14:14:15,150
2024-05-27 14:14:17,147
2024-05-27 14:14:19,148
2024-05-27 14:14:21,147
2024-05-27 14:14:23,147
2024-05-27 14:14:25,152
2024-05-27 14:14:27,148
2024-05-27 14:14:29,149
2024-05-27 14:14:31,151
2024-05-27 14:14:33,148
2024-05-27 14:14:35,148
2024-05-27 14:14:37,151
2024-05-27 14:14:39,149
2024-05-27 14:14:41,150
2024-05-27 14:14:43,148
2024-05-27 14:14:45,147
2024-05-27 14:14:47,149
2024-05-27 14:14:49,148
2024-05-27 14:14:51,151
2024-05-27 14:14:53,149
2024-05-27 14:14:55,148
2024-05-27 14:14:57,146
2024-05-27 14:14:59,149
2024-05-27 14:15:01,147
2024-05-27 14:15:03,148
2024-05-27 14:15:05,149
2024-05-27 14:15:07,147
2024-05-27 14:15:09,149
2024-05-27 14:15:11,148
2024-05-27 14:15:13,151
2024-05-27 14:15:15,147
2024-05-27 14:15:17,147
2024-05-27 14:15:19,149
2024-05-27 14:15:21,147
2024-05-27 14:15:23,147
2024-05-27 14:15:25,149
2024-05-27 14:15:27,146
2024-05-27 14:15:29,148
2024-05-27 14:15:31,149
2024-05-27 14:15:33,148
2024-05-27 14:15:35,149
2024-05-27 14:15:37,150
2024-05-27 14:15:39,147
2024-05-27 14:15:41,148
2024-05-27 14:15:43,150
2024-05-27 14:15:45,147
2024-05-27 14:15:47,151
2024-05-27 14:15:49,149
2024-05-27 14:15:51,148
2024-05-27 14:15:53,147
2024-05-27 14:15:55,150
2024-05-27 14:15:57,150
2024-05-27 14:15:59,148
2024-05-27 14:16:01,148
2024-05-27 14:16:03,150
2024-05-27 14:16:05,150
2024-05-27 14:16:07,151
2024-05-27 14:16:09,148
2024-05-27 14:16:11,149
2024-05-27 14:16:13,148
2024-05-27 14:16:15,146
2024-05-27 14:16:17,150
2024-05-27 14:16:19,148
2024-05-27 14:16:21,150
2024-05-27 14:16:23,148
2024-05-27 14:16:25,147
2024-05-27 14:16:27,149
2024-05-27 14:16:29,148
2024-05-27 14:16:31,150
2024-05-27 14:16:33,148
2024-05-27 14:16:35,150
2024-05-27 14:16:37,147
2024-05-27 14:16:39,149
2024-05-27 14:16:41,149
2024-05-27 14:16:43,148
2024-05-27 14:16:45,149
2024-05-27 14:16:47,150
2024-05-27 14:16:49,148
2024-05-27 14:16:51,149
2024-05-27 14:16:53,150
2024-05-27 14:16:55,147
2024-05-27 14:16:57,148
2024-05-27 14:16:59,150
2024-05-27 14:17:01,150
2024-05-27 14:17:03,148
2024-05-27 14:17:05,148
2024-05-27 14:17:07,147
2024-05-27 14:17:09,147
2024-05-27 14:17:11,148
2024-05-27 14:17:13,148
2024-05-27 14:17:15,147
2024-05-27 14:17:17,148
2024-05-27 14:17:19,147
2024-05-27 14:17:21,149
2024-05-27 14:17:23,147
2024-05-27 14:17:25,150
2024-05-27 14:17:27,150
2024-05-27 14:17:29,147
2024-05-27 14:17:31,147
2024-05-27 14:17:33,147
2024-05-27 14:17:35,148
2024-05-27 14:17:37,144
2024-05-27 14:17:39,147
2024-05-27 14:17:41,149
2024-05-27 14:17:43,149
2024-05-27 14:17:45,149
2024-05-27 14:17:47,148
2024-05-27 14:17:49,149
2024-05-27 14:17:51,149
2024-05-27 14:17:53,147
2024-05-27 14:17:55,148
2024-05-27 14:17:57,149
2024-05-27 14:17:59,147
2024-05-27 14:18:01,148
2024-05-27 14:18:03,150
2024-05-27 14:18:05,147
2024-05-27 14:18:07,148
2024-05-27 14:18:09,151
2024-05-27 14:18:11,150
2024-05-27 14:18:13,148
2024-05-27 14:18:15,147
2024-05-27 14:18:17,148
2024-05-27 14:18:19,150
2024-05-27 14:18:21,151
2024-05-27 14:18:23,146
2024-05-27 14:18:25,149
2024-05-27 14:18:27,148
2024-05-27 14:18:29,148
2024-05-27 14:18:31,147
2024-05-27 14:18:33,149
2024-05-27 14:18:35,149
2024-05-27 14:18:37,149
2024-05-27 14:18:39,150
2024-05-27 14:18:41,148
2024-05-27 14:18:43,149
2024-05-27 14:18:45,152
2024-05-27 14:18:47,151
2024-05-27 14:18:49,149
2024-05-27 14:18:51,148
2024-05-27 14:18:53,149
2024-05-27 14:18:55,148
2024-05-27 14:18:57,145
2024-05-27 14:18:59,148
2024-05-27 14:19:01,150
2024-05-27 14:19:03,147
2024-05-27 14:19:05,147
2024-05-27 14:19:07,149
2024-05-27 14:19:09,146
2024-05-27 14:19:11,150
2024-05-27 14:19:13,147
2024-05-27 14:19:15,148
2024-05-27 14:19:17,148
2024-05-27 14:19:19,148
2024-05-27 14:19:21,148
2024-05-27 14:19:23,147
2024-05-27 14:19:25,148
2024-05-27 14:19:27,146
2024-05-27 14:19:29,148
2024-05-27 14:19:31,150
2024-05-27 14:19:33,147
2024-05-27 14:19:35,149
2024-05-27 14:19:37,146
2024-05-27 14:19:39,149
2024-05-27 14:19:41,151
2024-05-27 14:19:43,150
2024-05-27 14:19:45,153
2024-05-27 14:19:47,147
2024-05-27 14:19:49,147
2024-05-27 14:19:51,146
2024-05-27 14:19:53,148
2024-05-27 14:19:55,147
2024-05-27 14:19:57,155
2024-05-27 14:19:59,185
2024-05-27 14:20:01,152
2024-05-27 14:20:03,178
2024-05-27 14:20:05,159
2024-05-27 14:20:07,161
2024-05-27 14:20:09,159
2024-05-27 14:20:11,160
2024-05-27 14:20:13,160
2024-05-27 14:20:15,160
2024-05-27 14:20:17,161
2024-05-27 14:20:19,161
2024-05-27 14:20:21,160
2024-05-27 14:20:23,158
2024-05-27 14:20:25,161
2024-05-27 14:20:27,159
2024-05-27 14:20:29,159
2024-05-27 14:20:31,160
2024-05-27 14:20:33,161
2024-05-27 14:20:35,161
2024-05-27 14:20:37,158
2024-05-27 14:20:39,157
2024-05-27 14:20:41,159
2024-05-27 14:20:43,158
2024-05-27 14:20:45,161
2024-05-27 14:20:47,162
2024-05-27 14:20:49,160
2024-05-27 14:20:51,162
2024-05-27 14:20:53,160
2024-05-27 14:20:55,162
2024-05-27 14:20:57,161
2024-05-27 14:20:59,159
2024-05-27 14:21:01,159
2024-05-27 14:21:03,160
2024-05-27 14:21:05,159
2024-05-27 14:21:07,161
2024-05-27 14:21:09,160
2024-05-27 14:21:11,162
2024-05-27 14:21:13,159
2024-05-27 14:21:15,162
2024-05-27 14:21:17,159
2024-05-27 14:21:19,161
2024-05-27 14:21:21,160
2024-05-27 14:21:23,161
2024-05-27 14:21:25,161
2024-05-27 14:21:27,162
2024-05-27 14:21:29,159
2024-05-27 14:21:31,160
2024-05-27 14:21:33,162
2024-05-27 14:21:35,160
2024-05-27 14:21:37,161
2024-05-27 14:21:39,161
2024-05-27 14:21:41,161
2024-05-27 14:21:43,160
2024-05-27 14:21:44,160
2024-05-27 14:21:45,160
2024-05-27 14:21:46,158
2024-05-27 14:21:47,163
2024-05-27 14:21:48,159
2024-05-27 14:21:49,160
2024-05-27 14:21:50,159
2024-05-27 14:21:51,159
2024-05-27 14:21:53,160
2024-05-27 14:21:55,159
2024-05-27 14:21:57,158
2024-05-27 14:21:59,160
2024-05-27 14:22:01,158
2024-05-27 14:22:03,160
2024-05-27 14:22:05,160
2024-05-27 14:22:07,159
2024-05-27 14:22:09,159
2024-05-27 14:22:11,158
2024-05-27 14:22:13,160
2024-05-27 14:22:15,160
2024-05-27 14:22:17,158
2024-05-27 14:22:19,159
2024-05-27 14:22:21,162
2024-05-27 14:22:23,158
2024-05-27 14:22:25,161
2024-05-27 14:22:27,160
2024-05-27 14:22:29,162
2024-05-27 14:22:31,161
2024-05-27 14:22:33,161
2024-05-27 14:22:35,161
2024-05-27 14:22:37,159
2024-05-27 14:22:39,161
2024-05-27 14:22:41,161
2024-05-27 14:22:43,158
2024-05-27 14:22:45,161
2024-05-27 14:22:47,157
2024-05-27 14:22:49,159
2024-05-27 14:22:51,162
2024-05-27 14:22:53,160
2024-05-27 14:22:55,161
2024-05-27 14:22:57,158
2024-05-27 14:22:59,157
2024-05-27 14:23:01,161
2024-05-27 14:23:03,157
2024-05-27 14:23:05,162
2024-05-27 14:23:07,159
2024-05-27 14:23:09,162
2024-05-27 14:23:11,160
2024-05-27 14:23:13,159
2024-05-27 14:23:15,161
2024-05-27 14:23:17,161
2024-05-27 14:23:19,159
2024-05-27 14:23:21,161
2024-05-27 14:23:23,159
2024-05-27 14:23:25,160
2024-05-27 14:23:27,159
2024-05-27 14:23:29,161
2024-05-27 14:23:31,159
2024-05-27 14:23:33,159
2024-05-27 14:23:35,160
2024-05-27 14:23:37,163
2024-05-27 14:23:39,160
2024-05-27 14:23:41,159
2024-05-27 14:23:43,161
2024-05-27 14:23:45,160
2024-05-27 14:23:47,157
2024-05-27 14:23:49,160
2024-05-27 14:23:51,159
2024-05-27 14:23:53,157
2024-05-27 14:23:55,160
2024-05-27 14:23:57,159
2024-05-27 14:23:59,163
2024-05-27 14:24:01,160
2024-05-27 14:24:03,159
2024-05-27 14:24:05,159
2024-05-27 14:24:07,160
2024-05-27 14:24:09,160
2024-05-27 14:24:11,160
2024-05-27 14:24:13,160
2024-05-27 14:24:15,159
2024-05-27 14:24:17,161
2024-05-27 14:24:19,161
2024-05-27 14:24:21,160
2024-05-27 14:24:23,160
2024-05-27 14:24:25,160
2024-05-27 14:24:27,158
2024-05-27 14:24:29,158
2024-05-27 14:24:31,160
2024-05-27 14:24:33,161
2024-05-27 14:24:35,161
2024-05-27 14:24:37,159
2024-05-27 14:24:39,161
2024-05-27 14:24:41,160
2024-05-27 14:24:43,160
2024-05-27 14:24:45,163
2024-05-27 14:24:47,159
2024-05-27 14:24:49,160
2024-05-27 14:24:51,160
2024-05-27 14:24:53,159
2024-05-27 14:24:55,159
2024-05-27 14:24:57,160
2024-05-27 14:24:59,160
2024-05-27 14:25:01,160
2024-05-27 14:25:03,160
2024-05-27 14:25:05,162
2024-05-27 14:25:07,160
2024-05-27 14:25:09,160
2024-05-27 14:25:11,160
2024-05-27 14:25:13,160
2024-05-27 14:25:15,159
2024-05-27 14:25:17,160
2024-05-27 14:25:19,160
2024-05-27 14:25:21,159
2024-05-27 14:25:23,162
2024-05-27 14:25:25,162
2024-05-27 14:25:27,161
2024-05-27 14:25:29,159
2024-05-27 14:25:31,158
2024-05-27 14:25:33,159
2024-05-27 14:25:35,161
2024-05-27 14:25:37,158
2024-05-27 14:25:39,161
2024-05-27 14:25:41,161
2024-05-27 14:25:43,161
2024-05-27 14:25:45,159
2024-05-27 14:25:47,162
2024-05-27 14:25:49,159
2024-05-27 14:25:51,161
2024-05-27 14:25:53,159
2024-05-27 14:25:55,160
2024-05-27 14:25:57,158
2024-05-27 14:25:59,159
2024-05-27 14:26:01,161
2024-05-27 14:26:03,162
2024-05-27 14:26:05,159
2024-05-27 14:26:07,160
2024-05-27 14:26:09,160
2024-05-27 14:26:11,162
2024-05-27 14:26:13,159
2024-05-27 14:26:15,161
2024-05-27 14:26:17,162
2024-05-27 14:26:19,158
2024-05-27 14:26:21,160
2024-05-27 14:26:23,159
2024-05-27 14:26:25,161
2024-05-27 14:26:27,159
2024-05-27 14:26:29,161
2024-05-27 14:26:31,161
2024-05-27 14:26:33,159
2024-05-27 14:26:35,161
2024-05-27 14:26:37,158
2024-05-27 14:26:39,160
2024-05-27 14:26:41,159
2024-05-27 14:26:43,158
2024-05-27 14:26:45,161
2024-05-27 14:26:47,160
2024-05-27 14:26:49,160
2024-05-27 14:26:51,161
2024-05-27 14:26:53,159
2024-05-27 14:26:55,162
2024-05-27 14:26:57,161
2024-05-27 14:26:59,161
2024-05-27 14:27:01,158
2024-05-27 14:27:03,159
2024-05-27 14:27:05,159
2024-05-27 14:27:07,162
2024-05-27 14:27:09,159
2024-05-27 14:27:11,162
2024-05-27 14:27:13,160
2024-05-27 14:27:15,161
2024-05-27 14:27:17,159
2024-05-27 14:27:19,162
2024-05-27 14:27:21,161
2024-05-27 14:27:23,160
2024-05-27 14:27:25,161
2024-05-27 14:27:27,162
2024-05-27 14:27:29,162
2024-05-27 14:27:31,161
2024-05-27 14:27:33,159
2024-05-27 14:27:35,161
2024-05-27 14:27:37,160
2024-05-27 14:27:39,160
2024-05-27 14:27:41,162
2024-05-27 14:27:43,160
2024-05-27 14:27:45,160
2024-05-27 14:27:47,161
2024-05-27 14:27:49,161
2024-05-27 14:27:51,160
2024-05-27 14:27:53,161
2024-05-27 14:27:55,160
2024-05-27 14:27:57,162
2024-05-27 14:27:59,161
2024-05-27 14:28:01,160
2024-05-27 14:28:03,161
2024-05-27 14:28:05,161
2024-05-27 14:28:07,159
2024-05-27 14:28:09,161
2024-05-27 14:28:11,159
2024-05-27 14:28:13,160
2024-05-27 14:28:15,160
2024-05-27 14:28:17,161
2024-05-27 14:28:19,158
2024-05-27 14:28:21,161
2024-05-27 14:28:23,158
2024-05-27 14:28:25,159
2024-05-27 14:28:27,161
2024-05-27 14:28:29,161
2024-05-27 14:28:31,159
2024-05-27 14:28:33,160
2024-05-27 14:28:35,163
2024-05-27 14:28:37,160
2024-05-27 14:28:39,159
2024-05-27 14:28:41,161
2024-05-27 14:28:43,161
2024-05-27 14:28:45,161
2024-05-27 14:28:47,160
2024-05-27 14:28:49,158
2024-05-27 14:28:51,160
2024-05-27 14:28:53,160
2024-05-27 14:28:55,158
2024-05-27 14:28:57,160
2024-05-27 14:28:59,161
2024-05-27 14:29:01,161
2024-05-27 14:29:03,161
2024-05-27 14:29:05,160
2024-05-27 14:29:07,161
2024-05-27 14:29:09,161
2024-05-27 14:29:11,160
2024-05-27 14:29:13,161
2024-05-27 14:29:15,158
2024-05-27 14:29:17,159
2024-05-27 14:29:19,157
2024-05-27 14:29:21,160
2024-05-27 14:29:23,160
2024-05-27 14:29:25,160
2024-05-27 14:29:27,161
2024-05-27 14:29:29,162
2024-05-27 14:29:31,161
2024-05-27 14:29:33,163
2024-05-27 14:29:35,161
2024-05-27 14:29:37,160
2024-05-27 14:29:39,158
2024-05-27 14:29:41,160
2024-05-27 14:29:43,161
2024-05-27 14:29:45,160
2024-05-27 14:29:47,162
2024-05-27 14:29:49,159
2024-05-27 14:29:51,163
2024-05-27 14:29:53,160
2024-05-27 14:29:55,161
2024-05-27 14:29:57,163
2024-05-27 14:29:59,161
2024-05-27 14:30:01,161
2024-05-27 14:30:03,160
2024-05-27 14:30:05,160
2024-05-27 14:30:07,160
2024-05-27 14:30:09,162
2024-05-27 14:30:11,160
2024-05-27 14:30:13,162
2024-05-27 14:30:15,161
2024-05-27 14:30:17,163
2024-05-27 14:30:19,162
2024-05-27 14:30:21,159
2024-05-27 14:30:23,159
2024-05-27 14:30:25,160
2024-05-27 14:30:27,158
2024-05-27 14:30:29,162
2024-05-27 14:30:31,160
2024-05-27 14:30:33,160
2024-05-27 14:30:35,158
2024-05-27 14:30:37,162
2024-05-27 14:30:39,160
2024-05-27 14:30:41,162
2024-05-27 14:30:43,159
2024-05-27 14:30:45,159
2024-05-27 14:30:47,159
2024-05-27 14:30:49,158
2024-05-27 14:30:51,160
2024-05-27 14:30:53,161
2024-05-27 14:30:55,161
2024-05-27 14:30:57,159
2024-05-27 14:30:59,162
2024-05-27 14:31:01,160
2024-05-27 14:31:03,161
2024-05-27 14:31:05,162
2024-05-27 14:31:07,159
2024-05-27 14:31:09,161
2024-05-27 14:31:11,159
2024-05-27 14:31:13,159
2024-05-27 14:31:15,160
2024-05-27 14:31:17,161
2024-05-27 14:31:19,161
2024-05-27 14:31:21,158
2024-05-27 14:31:23,160
2024-05-27 14:31:25,161
2024-05-27 14:31:27,160
2024-05-27 14:31:29,160
2024-05-27 14:31:31,159
2024-05-27 14:31:33,160
2024-05-27 14:31:35,158
2024-05-27 14:31:37,159
2024-05-27 14:31:39,160
2024-05-27 14:31:41,159
2024-05-27 14:31:43,158
2024-05-27 14:31:45,160
2024-05-27 14:31:47,161
2024-05-27 14:31:49,159
2024-05-27 14:31:51,160
2024-05-27 14:31:53,161
2024-05-27 14:31:55,160
2024-05-27 14:31:57,160
2024-05-27 14:31:59,161
2024-05-27 14:32:01,161
2024-05-27 14:32:03,157
2024-05-27 14:32:05,162
2024-05-27 14:32:07,159
2024-05-27 14:32:09,160
2024-05-27 14:32:11,160
2024-05-27 14:32:13,163
2024-05-27 14:32:15,160
2024-05-27 14:32:17,160
2024-05-27 14:32:19,159
2024-05-27 14:32:21,160
2024-05-27 14:32:23,161
2024-05-27 14:32:25,160
2024-05-27 14:32:27,158
2024-05-27 14:32:29,157
2024-05-27 14:32:31,159
2024-05-27 14:32:33,162
2024-05-27 14:32:35,158
2024-05-27 14:32:37,160
2024-05-27 14:32:39,161
2024-05-27 14:32:41,159
2024-05-27 14:32:43,160
2024-05-27 14:32:45,161
2024-05-27 14:32:47,162
2024-05-27 14:32:49,157
2024-05-27 14:32:51,158
2024-05-27 14:32:53,161
2024-05-27 14:32:55,160
2024-05-27 14:32:57,159
2024-05-27 14:32:59,159
2024-05-27 14:33:01,161
2024-05-27 14:33:03,159
2024-05-27 14:33:05,161
2024-05-27 14:33:07,161
2024-05-27 14:33:09,161
2024-05-27 14:33:11,159
2024-05-27 14:33:13,160
2024-05-27 14:33:15,159
2024-05-27 14:33:17,161
2024-05-27 14:33:19,161
2024-05-27 14:33:21,159
2024-05-27 14:33:23,161
2024-05-27 14:33:25,160
2024-05-27 14:33:27,162
2024-05-27 14:33:29,160
2024-05-27 14:33:31,161
2024-05-27 14:33:33,160
2024-05-27 14:33:35,161
2024-05-27 14:33:37,161
2024-05-27 14:33:39,160
2024-05-27 14:33:41,162
2024-05-27 14:33:43,161
2024-05-27 14:33:45,161
2024-05-27 14:33:47,160
2024-05-27 14:33:49,161
2024-05-27 14:33:51,161
2024-05-27 14:33:53,161
2024-05-27 14:33:55,163
2024-05-27 14:33:57,159
2024-05-27 14:33:59,161
2024-05-27 14:34:01,163
2024-05-27 14:34:03,163
2024-05-27 14:34:05,160
2024-05-27 14:34:07,161
2024-05-27 14:34:09,160
2024-05-27 14:34:11,162
2024-05-27 14:34:13,160
2024-05-27 14:34:15,161
2024-05-27 14:34:17,159
2024-05-27 14:34:19,161
2024-05-27 14:34:21,157
2024-05-27 14:34:23,159
2024-05-27 14:34:25,163
2024-05-27 14:34:27,158
2024-05-27 14:34:29,159
2024-05-27 14:34:31,161
2024-05-27 14:34:33,162
2024-05-27 14:34:35,161
2024-05-27 14:34:37,160
2024-05-27 14:34:39,160
2024-05-27 14:34:41,158
2024-05-27 14:34:43,159
2024-05-27 14:34:45,161
2024-05-27 14:34:47,158
2024-05-27 14:34:49,159
2024-05-27 14:34:51,160
2024-05-27 14:34:53,160
2024-05-27 14:34:55,159
2024-05-27 14:34:57,159
2024-05-27 14:34:59,161
2024-05-27 14:35:01,161
2024-05-27 14:35:03,161
2024-05-27 14:35:05,160
2024-05-27 14:35:07,158
2024-05-27 14:35:09,163
2024-05-27 14:35:11,161
2024-05-27 14:35:13,162
2024-05-27 14:35:15,160
2024-05-27 14:35:17,160
2024-05-27 14:35:19,158
2024-05-27 14:35:21,160
2024-05-27 14:35:23,158
2024-05-27 14:35:25,158
2024-05-27 14:35:27,160
2024-05-27 14:35:29,160
2024-05-27 14:35:31,161
2024-05-27 14:35:33,161
2024-05-27 14:35:35,161
2024-05-27 14:35:37,161
2024-05-27 14:35:39,158
2024-05-27 14:35:41,160
2024-05-27 14:35:43,159
2024-05-27 14:35:45,161
2024-05-27 14:35:47,160
2024-05-27 14:35:49,157
2024-05-27 14:35:51,159
2024-05-27 14:35:53,160
2024-05-27 14:35:55,160
2024-05-27 14:35:57,160
2024-05-27 14:35:59,160
2024-05-27 14:36:01,159
2024-05-27 14:36:03,162
2024-05-27 14:36:05,160
2024-05-27 14:36:07,160
2024-05-27 14:36:09,159
2024-05-27 14:36:11,158
2024-05-27 14:36:13,161
2024-05-27 14:36:15,160
2024-05-27 14:36:17,160
2024-05-27 14:36:19,160
2024-05-27 14:36:21,160
2024-05-27 14:36:23,163
2024-05-27 14:36:25,162
2024-05-27 14:36:27,160
2024-05-27 14:36:29,161
2024-05-27 14:36:31,158
2024-05-27 14:36:33,163
2024-05-27 14:36:35,161
2024-05-27 14:36:37,159
2024-05-27 14:36:39,158
2024-05-27 14:36:41,160
2024-05-27 14:36:43,159
2024-05-27 14:36:45,159
2024-05-27 14:36:47,160
2024-05-27 14:36:49,159
2024-05-27 14:36:51,159
2024-05-27 14:36:53,160
2024-05-27 14:36:55,160
2024-05-27 14:36:57,160
2024-05-27 14:36:59,159
2024-05-27 14:37:01,162
2024-05-27 14:37:03,159
2024-05-27 14:37:05,160
2024-05-27 14:37:07,158
2024-05-27 14:37:09,158
2024-05-27 14:37:11,161
2024-05-27 14:37:13,158
2024-05-27 14:37:15,158
2024-05-27 14:37:17,159
2024-05-27 14:37:19,160
2024-05-27 14:37:21,161
2024-05-27 14:37:23,161
2024-05-27 14:37:25,159
2024-05-27 14:37:27,161
2024-05-27 14:37:29,159
2024-05-27 14:37:31,159
2024-05-27 14:37:33,161
2024-05-27 14:37:35,158
2024-05-27 14:37:37,161
2024-05-27 14:37:39,160
2024-05-27 14:37:41,159
2024-05-27 14:37:43,157
2024-05-27 14:37:45,160
2024-05-27 14:37:47,161
2024-05-27 14:37:49,161
2024-05-27 14:37:51,162
2024-05-27 14:37:53,159
2024-05-27 14:37:55,162
2024-05-27 14:37:57,161
2024-05-27 14:37:59,156
2024-05-27 14:38:01,159
2024-05-27 14:38:03,159
2024-05-27 14:38:05,160
2024-05-27 14:38:07,160
2024-05-27 14:38:09,161
2024-05-27 14:38:11,160
2024-05-27 14:38:13,161
2024-05-27 14:38:15,161
2024-05-27 14:38:17,161
2024-05-27 14:38:19,161
2024-05-27 14:38:21,160
2024-05-27 14:38:23,161
2024-05-27 14:38:25,160
2024-05-27 14:38:27,159
2024-05-27 14:38:29,160
2024-05-27 14:38:31,160
2024-05-27 14:38:33,160
2024-05-27 14:38:35,162
2024-05-27 14:38:37,160
2024-05-27 14:38:39,160
2024-05-27 14:38:41,163
2024-05-27 14:38:43,163
2024-05-27 14:38:45,160
2024-05-27 14:38:47,159
2024-05-27 14:38:49,159
2024-05-27 14:38:51,162
2024-05-27 14:38:53,161
2024-05-27 14:38:55,163
2024-05-27 14:38:57,162
2024-05-27 14:38:59,160
2024-05-27 14:39:01,160
2024-05-27 14:39:03,157
2024-05-27 14:39:05,161
2024-05-27 14:39:07,162
2024-05-27 14:39:09,161
2024-05-27 14:39:11,160
2024-05-27 14:39:13,161
2024-05-27 14:39:15,163
2024-05-27 14:39:17,160
2024-05-27 14:39:19,159
2024-05-27 14:39:21,160
2024-05-27 14:39:23,159
2024-05-27 14:39:25,161
2024-05-27 14:39:27,163
2024-05-27 14:39:29,158
2024-05-27 14:39:31,160
2024-05-27 14:39:33,160
2024-05-27 14:39:35,160
2024-05-27 14:39:37,162
2024-05-27 14:39:39,160
2024-05-27 14:39:41,161
2024-05-27 14:39:43,162
2024-05-27 14:39:45,158
2024-05-27 14:39:47,160
2024-05-27 14:39:49,161
2024-05-27 14:39:51,161
2024-05-27 14:39:53,162
2024-05-27 14:39:55,161
2024-05-27 14:39:57,160
2024-05-27 14:39:59,158
2024-05-27 14:40:01,160
2024-05-27 14:40:03,159
2024-05-27 14:40:05,161
2024-05-27 14:40:07,158
2024-05-27 14:40:09,160
2024-05-27 14:40:11,160
2024-05-27 14:40:13,158
2024-05-27 14:40:15,162
2024-05-27 14:40:17,158
2024-05-27 14:40:19,160
2024-05-27 14:40:21,162
2024-05-27 14:40:23,160
2024-05-27 14:40:25,162
2024-05-27 14:40:27,159
2024-05-27 14:40:29,161
2024-05-27 14:40:31,161
2024-05-27 14:40:33,160
2024-05-27 14:40:35,160
2024-05-27 14:40:37,160
2024-05-27 14:40:39,161
2024-05-27 14:40:41,162
2024-05-27 14:40:43,157
2024-05-27 14:40:45,159
2024-05-27 14:40:47,161
2024-05-27 14:40:49,159
2024-05-27 14:40:51,162
2024-05-27 14:40:53,159
2024-05-27 14:40:55,161
2024-05-27 14:40:57,161
2024-05-27 14:40:59,159
2024-05-27 14:41:01,161
2024-05-27 14:41:03,161
2024-05-27 14:41:05,161
2024-05-27 14:41:07,162
2024-05-27 14:41:09,159
2024-05-27 14:41:11,160
2024-05-27 14:41:13,157
2024-05-27 14:41:15,159
2024-05-27 14:41:17,161
2024-05-27 14:41:19,162
2024-05-27 14:41:21,161
2024-05-27 14:41:23,160
2024-05-27 14:41:25,158
2024-05-27 14:41:27,160
2024-05-27 14:41:29,159
2024-05-27 14:41:31,160
2024-05-27 14:41:33,161
2024-05-27 14:41:35,161
2024-05-27 14:41:37,160
2024-05-27 14:41:39,162
2024-05-27 14:41:41,160
2024-05-27 14:41:43,160
2024-05-27 14:41:45,162
2024-05-27 14:41:47,159
2024-05-27 14:41:49,160
2024-05-27 14:41:51,160
2024-05-27 14:41:53,162
2024-05-27 14:41:55,161
2024-05-27 14:41:57,161
2024-05-27 14:41:59,161
2024-05-27 14:42:01,160
2024-05-27 14:42:03,161
2024-05-27 14:42:05,161
2024-05-27 14:42:07,163
2024-05-27 14:42:09,160
2024-05-27 14:42:11,159
2024-05-27 14:42:13,160
2024-05-27 14:42:15,160
2024-05-27 14:42:17,159
2024-05-27 14:42:19,163
2024-05-27 14:42:21,161
2024-05-27 14:42:23,162
2024-05-27 14:42:25,161
2024-05-27 14:42:27,161
2024-05-27 14:42:29,158
2024-05-27 14:42:31,158
2024-05-27 14:42:33,160
2024-05-27 14:42:35,160
2024-05-27 14:42:37,160
2024-05-27 14:42:39,160
2024-05-27 14:42:41,159
2024-05-27 14:42:43,161
2024-05-27 14:42:45,161
2024-05-27 14:42:47,160
2024-05-27 14:42:49,161
2024-05-27 14:42:51,161
2024-05-27 14:42:53,162
2024-05-27 14:42:55,157
2024-05-27 14:42:57,160
2024-05-27 14:42:59,160
2024-05-27 14:43:01,157
2024-05-27 14:43:03,159
2024-05-27 14:43:05,161
2024-05-27 14:43:07,159
2024-05-27 14:43:09,162
2024-05-27 14:43:11,158
2024-05-27 14:43:13,159
2024-05-27 14:43:15,161
2024-05-27 14:43:17,161
2024-05-27 14:43:19,159
2024-05-27 14:43:21,162
2024-05-27 14:43:23,161
2024-05-27 14:43:25,161
2024-05-27 14:43:27,162
2024-05-27 14:43:29,162
2024-05-27 14:43:31,162
2024-05-27 14:43:33,160
2024-05-27 14:43:35,159
2024-05-27 14:43:37,161
2024-05-27 14:43:39,159
2024-05-27 14:43:41,160
2024-05-27 14:43:43,161
2024-05-27 14:43:45,159
2024-05-27 14:43:47,158
2024-05-27 14:43:49,162
2024-05-27 14:43:51,162
2024-05-27 14:43:53,159
2024-05-27 14:43:55,158
2024-05-27 14:43:57,160
2024-05-27 14:43:59,161
2024-05-27 14:44:01,160
2024-05-27 14:44:03,160
2024-05-27 14:44:05,159
2024-05-27 14:44:07,158
2024-05-27 14:44:09,159
2024-05-27 14:44:11,160
2024-05-27 14:44:13,159
2024-05-27 14:44:15,162
2024-05-27 14:44:17,160
2024-05-27 14:44:19,161
2024-05-27 14:44:21,162
2024-05-27 14:44:23,160
2024-05-27 14:44:25,159
2024-05-27 14:44:27,159
2024-05-27 14:44:29,158
2024-05-27 14:44:31,161
2024-05-27 14:44:33,160
2024-05-27 14:44:35,159
2024-05-27 14:44:37,161
2024-05-27 14:44:39,160
2024-05-27 14:44:41,159
2024-05-27 14:44:43,160
2024-05-27 14:44:45,161
2024-05-27 14:44:47,162
2024-05-27 14:44:49,162
2024-05-27 14:44:51,159
2024-05-27 14:44:53,157
2024-05-27 14:44:55,161
2024-05-27 14:44:57,161
2024-05-27 14:44:59,160
2024-05-27 14:45:01,160
2024-05-27 14:45:03,160
2024-05-27 14:45:05,158
2024-05-27 14:45:07,160
2024-05-27 14:45:09,158
2024-05-27 14:45:11,160
2024-05-27 14:45:13,161
2024-05-27 14:45:15,159
2024-05-27 14:45:17,161
2024-05-27 14:45:19,162
2024-05-27 14:45:21,158
2024-05-27 14:45:23,163
2024-05-27 14:45:25,159
2024-05-27 14:45:27,158
2024-05-27 14:45:29,162
2024-05-27 14:45:31,158
2024-05-27 14:45:33,160
2024-05-27 14:45:35,159
2024-05-27 14:45:37,160
2024-05-27 14:45:39,161
2024-05-27 14:45:41,161
2024-05-27 14:45:43,160
2024-05-27 14:45:45,159
2024-05-27 14:45:47,159
2024-05-27 14:45:49,161
2024-05-27 14:45:51,159
2024-05-27 14:45:53,159
2024-05-27 14:45:55,158
2024-05-27 14:45:57,162
2024-05-27 14:45:59,161
2024-05-27 14:46:01,162
2024-05-27 14:46:03,161
2024-05-27 14:46:05,159
2024-05-27 14:46:07,160
2024-05-27 14:46:09,160
2024-05-27 14:46:11,161
2024-05-27 14:46:13,162
2024-05-27 14:46:15,157
2024-05-27 14:46:17,159
2024-05-27 14:46:19,161
2024-05-27 14:46:21,159
2024-05-27 14:46:23,162
2024-05-27 14:46:25,162
2024-05-27 14:46:27,160
2024-05-27 14:46:29,160
2024-05-27 14:46:31,162
2024-05-27 14:46:33,160
2024-05-27 14:46:35,161
2024-05-27 14:46:37,162
2024-05-27 14:46:39,160
2024-05-27 14:46:41,160
2024-05-27 14:46:43,160
2024-05-27 14:46:45,159
2024-05-27 14:46:47,159
2024-05-27 14:46:49,160
2024-05-27 14:46:51,160
2024-05-27 14:46:53,161
2024-05-27 14:46:55,159
2024-05-27 14:46:57,162
2024-05-27 14:46:59,162
2024-05-27 14:47:01,161
2024-05-27 14:47:03,160
2024-05-27 14:47:05,158
2024-05-27 14:47:07,163
2024-05-27 14:47:09,160
2024-05-27 14:47:11,162
2024-05-27 14:47:13,160
2024-05-27 14:47:15,160
2024-05-27 14:47:17,160
2024-05-27 14:47:19,161
2024-05-27 14:47:21,160
2024-05-27 14:47:23,161
2024-05-27 14:47:25,163
2024-05-27 14:47:27,161
2024-05-27 14:47:29,159
2024-05-27 14:47:31,161
2024-05-27 14:47:33,158
2024-05-27 14:47:35,162
2024-05-27 14:47:37,162
2024-05-27 14:47:39,163
2024-05-27 14:47:41,161
2024-05-27 14:47:43,162
2024-05-27 14:47:45,161
2024-05-27 14:47:47,160
2024-05-27 14:47:49,159
2024-05-27 14:47:51,159
2024-05-27 14:47:53,160
2024-05-27 14:47:55,159
2024-05-27 14:47:57,161
2024-05-27 14:47:59,159
2024-05-27 14:48:01,161
2024-05-27 14:48:03,160
2024-05-27 14:48:05,159
2024-05-27 14:48:07,160
2024-05-27 14:48:09,159
2024-05-27 14:48:11,164
2024-05-27 14:48:13,161
2024-05-27 14:48:15,160
2024-05-27 14:48:17,160
2024-05-27 14:48:19,159
2024-05-27 14:48:21,160
2024-05-27 14:48:23,159
2024-05-27 14:48:25,160
2024-05-27 14:48:27,162
2024-05-27 14:48:29,159
2024-05-27 14:48:31,161
2024-05-27 14:48:33,161
2024-05-27 14:48:35,159
2024-05-27 14:48:37,160
2024-05-27 14:48:39,161
2024-05-27 14:48:41,159
2024-05-27 14:48:43,157
2024-05-27 14:48:45,158
2024-05-27 14:48:47,161
2024-05-27 14:48:49,160
2024-05-27 14:48:51,161
2024-05-27 14:48:53,162
2024-05-27 14:48:55,159
2024-05-27 14:48:57,160
2024-05-27 14:48:59,160
2024-05-27 14:49:01,160
2024-05-27 14:49:03,160
2024-05-27 14:49:05,160
2024-05-27 14:49:07,160
2024-05-27 14:49:09,161
2024-05-27 14:49:11,163
2024-05-27 14:49:13,160
2024-05-27 14:49:15,159
2024-05-27 14:49:17,163
2024-05-27 14:49:19,162
2024-05-27 14:49:21,160
2024-05-27 14:49:23,163
2024-05-27 14:49:25,161
2024-05-27 14:49:27,161
2024-05-27 14:49:29,157
2024-05-27 14:49:31,161
2024-05-27 14:49:33,160
2024-05-27 14:49:35,163
2024-05-27 14:49:37,158
2024-05-27 14:49:39,160
2024-05-27 14:49:41,158
2024-05-27 14:49:43,162
2024-05-27 14:49:45,160
2024-05-27 14:49:47,162
2024-05-27 14:49:49,162
2024-05-27 14:49:51,162
2024-05-27 14:49:53,160
2024-05-27 14:49:55,161
2024-05-27 14:49:57,160
2024-05-27 14:49:59,161
2024-05-27 14:50:01,162
2024-05-27 14:50:03,162
2024-05-27 14:50:05,163
2024-05-27 14:50:07,160
2024-05-27 14:50:09,159
2024-05-27 14:50:11,161
2024-05-27 14:50:13,160
2024-05-27 14:50:15,159
2024-05-27 14:50:17,160
2024-05-27 14:50:19,163
2024-05-27 14:50:21,158
2024-05-27 14:50:23,160
2024-05-27 14:50:25,161
2024-05-27 14:50:27,160
2024-05-27 14:50:29,160
2024-05-27 14:50:31,156
2024-05-27 14:50:33,161
2024-05-27 14:50:35,159
2024-05-27 14:50:37,158
2024-05-27 14:50:39,162
2024-05-27 14:50:41,162
2024-05-27 14:50:43,163
2024-05-27 14:50:45,159
2024-05-27 14:50:47,161
2024-05-27 14:50:49,161
2024-05-27 14:50:51,162
2024-05-27 14:50:53,160
2024-05-27 14:50:55,161
2024-05-27 14:50:57,161
2024-05-27 14:50:59,163
2024-05-27 14:51:01,161
2024-05-27 14:51:03,162
2024-05-27 14:51:05,162
2024-05-27 14:51:07,160
2024-05-27 14:51:09,160
2024-05-27 14:51:11,159
2024-05-27 14:51:13,162
2024-05-27 14:51:15,162
2024-05-27 14:51:17,160
2024-05-27 14:51:19,160
2024-05-27 14:51:21,160
2024-05-27 14:51:23,160
2024-05-27 14:51:25,162
2024-05-27 14:51:27,161
2024-05-27 14:51:29,159
2024-05-27 14:51:31,159
2024-05-27 14:51:33,158
2024-05-27 14:51:35,158
2024-05-27 14:51:37,158
2024-05-27 14:51:39,160
2024-05-27 14:51:41,161
2024-05-27 14:51:43,162
2024-05-27 14:51:45,160
2024-05-27 14:51:47,159
2024-05-27 14:51:49,159
2024-05-27 14:51:51,162
2024-05-27 14:51:53,159
2024-05-27 14:51:55,160
2024-05-27 14:51:57,159
2024-05-27 14:51:59,161
2024-05-27 14:52:01,161
2024-05-27 14:52:03,160
2024-05-27 14:52:05,161
2024-05-27 14:52:07,159
2024-05-27 14:52:09,163
2024-05-27 14:52:11,163
2024-05-27 14:52:13,160
2024-05-27 14:52:15,160
2024-05-27 14:52:17,159
2024-05-27 14:52:19,157
2024-05-27 14:52:21,161
2024-05-27 14:52:23,160
2024-05-27 14:52:25,161
2024-05-27 14:52:27,159
2024-05-27 14:52:29,158
2024-05-27 14:52:31,159
2024-05-27 14:52:33,160
2024-05-27 14:52:35,160
2024-05-27 14:52:37,161
2024-05-27 14:52:39,160
2024-05-27 14:52:41,159
2024-05-27 14:52:43,160
2024-05-27 14:52:45,159
2024-05-27 14:52:47,159
2024-05-27 14:52:49,164
2024-05-27 14:52:51,160
2024-05-27 14:52:53,161
2024-05-27 14:52:55,159
2024-05-27 14:52:57,161
2024-05-27 14:52:59,163
2024-05-27 14:53:01,159
2024-05-27 14:53:03,157
2024-05-27 14:53:05,162
2024-05-27 14:53:07,163
2024-05-27 14:53:09,164
2024-05-27 14:53:11,159
2024-05-27 14:53:13,162
2024-05-27 14:53:15,161
2024-05-27 14:53:17,161
2024-05-27 14:53:19,160
2024-05-27 14:53:21,160
2024-05-27 14:53:23,159
2024-05-27 14:53:25,160
2024-05-27 14:53:27,158
2024-05-27 14:53:29,160
2024-05-27 14:53:31,162
2024-05-27 14:53:33,160
2024-05-27 14:53:35,160
2024-05-27 14:53:37,161
2024-05-27 14:53:39,159
2024-05-27 14:53:41,161
2024-05-27 14:53:43,161
2024-05-27 14:53:45,157
2024-05-27 14:53:47,164
2024-05-27 14:53:49,163
2024-05-27 14:53:51,160
2024-05-27 14:53:53,162
2024-05-27 14:53:55,157
2024-05-27 14:53:57,160
2024-05-27 14:53:59,162
2024-05-27 14:54:01,160
2024-05-27 14:54:03,160
2024-05-27 14:54:05,162
2024-05-27 14:54:07,160
2024-05-27 14:54:09,159
2024-05-27 14:54:11,162
2024-05-27 14:54:13,160
2024-05-27 14:54:15,160
2024-05-27 14:54:17,159
2024-05-27 14:54:19,158
2024-05-27 14:54:21,159
2024-05-27 14:54:23,161
2024-05-27 14:54:25,159
2024-05-27 14:54:27,161
2024-05-27 14:54:29,162
2024-05-27 14:54:31,160
2024-05-27 14:54:33,161
2024-05-27 14:54:35,162
2024-05-27 14:54:37,159
2024-05-27 14:54:39,161
2024-05-27 14:54:41,161
2024-05-27 14:54:43,162
2024-05-27 14:54:45,161
2024-05-27 14:54:47,158
2024-05-27 14:54:49,162
2024-05-27 14:54:51,162
2024-05-27 14:54:53,158
2024-05-27 14:54:55,160
2024-05-27 14:54:57,161
2024-05-27 14:54:59,159
2024-05-27 14:55:01,164
2024-05-27 14:55:03,160
2024-05-27 14:55:05,159
2024-05-27 14:55:07,161
2024-05-27 14:55:09,162
2024-05-27 14:55:11,161
2024-05-27 14:55:13,160
2024-05-27 14:55:15,162
2024-05-27 14:55:17,161
2024-05-27 14:55:19,159
2024-05-27 14:55:21,162
2024-05-27 14:55:23,160
2024-05-27 14:55:25,162
2024-05-27 14:55:27,160
2024-05-27 14:55:29,160
2024-05-27 14:55:31,161
2024-05-27 14:55:33,161
2024-05-27 14:55:35,160
2024-05-27 14:55:37,162
2024-05-27 14:55:39,159
2024-05-27 14:55:41,162
2024-05-27 14:55:43,160
2024-05-27 14:55:45,158
2024-05-27 14:55:47,160
2024-05-27 14:55:49,159
2024-05-27 14:55:51,160
2024-05-27 14:55:53,162
2024-05-27 14:55:55,162
2024-05-27 14:55:57,162
2024-05-27 14:55:59,159
2024-05-27 14:56:01,160
2024-05-27 14:56:03,160
2024-05-27 14:56:05,161
2024-05-27 14:56:07,160
2024-05-27 14:56:09,160
2024-05-27 14:56:11,159
2024-05-27 14:56:13,158
2024-05-27 14:56:15,161
2024-05-27 14:56:17,161
2024-05-27 14:56:19,161
2024-05-27 14:56:21,161
2024-05-27 14:56:23,163
2024-05-27 14:56:25,161
2024-05-27 14:56:27,163
2024-05-27 14:56:29,158
2024-05-27 14:56:31,158
2024-05-27 14:56:33,159
2024-05-27 14:56:35,161
2024-05-27 14:56:37,159
2024-05-27 14:56:39,158
2024-05-27 14:56:41,161
2024-05-27 14:56:43,161
2024-05-27 14:56:45,159
2024-05-27 14:56:47,161
2024-05-27 14:56:49,161
2024-05-27 14:56:51,159
2024-05-27 14:56:53,163
2024-05-27 14:56:55,160
2024-05-27 14:56:57,161
2024-05-27 14:56:59,160
2024-05-27 14:57:01,160
2024-05-27 14:57:03,161
2024-05-27 14:57:05,160
2024-05-27 14:57:07,159
2024-05-27 14:57:09,160
2024-05-27 14:57:11,159
2024-05-27 14:57:13,161
2024-05-27 14:57:15,162
2024-05-27 14:57:17,161
2024-05-27 14:57:19,163
2024-05-27 14:57:21,159
2024-05-27 14:57:23,161
2024-05-27 14:57:25,160
2024-05-27 14:57:27,157
2024-05-27 14:57:29,159
2024-05-27 14:57:31,160
2024-05-27 14:57:33,159
2024-05-27 14:57:35,159
2024-05-27 14:57:37,159
2024-05-27 14:57:39,159
2024-05-27 14:57:41,159
2024-05-27 14:57:43,163
2024-05-27 14:57:45,162
2024-05-27 14:57:47,159
2024-05-27 14:57:49,161
2024-05-27 14:57:51,163
2024-05-27 14:57:53,157
2024-05-27 14:57:55,162
2024-05-27 14:57:57,163
2024-05-27 14:57:59,162
2024-05-27 14:58:01,159
2024-05-27 14:58:03,160
2024-05-27 14:58:05,157
2024-05-27 14:58:07,161
2024-05-27 14:58:09,161
2024-05-27 14:58:11,161
2024-05-27 14:58:13,159
2024-05-27 14:58:15,161
2024-05-27 14:58:17,158
2024-05-27 14:58:19,158
2024-05-27 14:58:21,160
2024-05-27 14:58:23,161
2024-05-27 14:58:25,161
2024-05-27 14:58:27,159
2024-05-27 14:58:29,161
2024-05-27 14:58:31,160
2024-05-27 14:58:33,159
2024-05-27 14:58:35,158
2024-05-27 14:58:37,162
2024-05-27 14:58:39,160
2024-05-27 14:58:41,160
2024-05-27 14:58:43,162
2024-05-27 14:58:45,159
2024-05-27 14:58:47,162
2024-05-27 14:58:49,162
2024-05-27 14:58:51,157
2024-05-27 14:58:53,161
2024-05-27 14:58:55,160
2024-05-27 14:58:57,159
2024-05-27 14:58:59,160
2024-05-27 14:59:01,159
2024-05-27 14:59:03,159
2024-05-27 14:59:05,159
2024-05-27 14:59:07,157
2024-05-27 14:59:09,159
2024-05-27 14:59:11,160
2024-05-27 14:59:13,162
2024-05-27 14:59:15,161
2024-05-27 14:59:17,160
2024-05-27 14:59:19,159
2024-05-27 14:59:21,162
2024-05-27 14:59:23,161
2024-05-27 14:59:25,160
2024-05-27 14:59:27,160
2024-05-27 14:59:29,161
2024-05-27 14:59:31,161
2024-05-27 14:59:33,160
2024-05-27 14:59:35,161
2024-05-27 14:59:37,161
2024-05-27 14:59:39,161
2024-05-27 14:59:41,160
2024-05-27 14:59:43,160
2024-05-27 14:59:45,160
2024-05-27 14:59:47,159
2024-05-27 14:59:49,160
2024-05-27 14:59:51,162
2024-05-27 14:59:53,159
2024-05-27 14:59:55,161
2024-05-27 14:59:57,161
2024-05-27 14:59:59,162
2024-05-27 15:00:01,160
2024-05-27 15:00:03,161
2024-05-27 15:00:05,161
2024-05-27 15:00:07,160
2024-05-27 15:00:09,161
2024-05-27 15:00:11,160
2024-05-27 15:00:13,162
2024-05-27 15:00:15,162
2024-05-27 15:00:17,162
2024-05-27 15:00:19,159
2024-05-27 15:00:21,160
2024-05-27 15:00:23,158
2024-05-27 15:00:25,158
2024-05-27 15:00:27,163
2024-05-27 15:00:29,160
2024-05-27 15:00:31,161
2024-05-27 15:00:33,160
2024-05-27 15:00:35,163
2024-05-27 15:00:37,164
2024-05-27 15:00:39,159
2024-05-27 15:00:41,158
2024-05-27 15:00:43,158
2024-05-27 15:00:45,161
2024-05-27 15:00:47,160
2024-05-27 15:00:49,159
2024-05-27 15:00:51,161
2024-05-27 15:00:53,160
2024-05-27 15:00:55,158
2024-05-27 15:00:57,158
2024-05-27 15:00:59,160
2024-05-27 15:01:01,159
2024-05-27 15:01:03,159
2024-05-27 15:01:05,160
2024-05-27 15:01:07,160
2024-05-27 15:01:09,161
2024-05-27 15:01:11,159
2024-05-27 15:01:13,159
2024-05-27 15:01:15,159
2024-05-27 15:01:17,160
2024-05-27 15:01:19,161
2024-05-27 15:01:21,160
2024-05-27 15:01:23,158
2024-05-27 15:01:25,162
2024-05-27 15:01:27,159
2024-05-27 15:01:29,159
2024-05-27 15:01:31,160
2024-05-27 15:01:33,161
2024-05-27 15:01:35,161
2024-05-27 15:01:37,161
2024-05-27 15:01:39,160
2024-05-27 15:01:41,159
2024-05-27 15:01:43,158
2024-05-27 15:01:45,162
2024-05-27 15:01:47,163
2024-05-27 15:01:49,161
2024-05-27 15:01:51,159
2024-05-27 15:01:53,161
2024-05-27 15:01:55,159
2024-05-27 15:01:57,160
2024-05-27 15:01:59,163
2024-05-27 15:02:01,160
2024-05-27 15:02:03,160
2024-05-27 15:02:05,161
2024-05-27 15:02:07,161
2024-05-27 15:02:09,160
2024-05-27 15:02:11,161
2024-05-27 15:02:13,161
2024-05-27 15:02:15,163
2024-05-27 15:02:17,160
2024-05-27 15:02:19,162
2024-05-27 15:02:21,162
2024-05-27 15:02:23,160
2024-05-27 15:02:25,161
2024-05-27 15:02:27,160
2024-05-27 15:02:29,160
2024-05-27 15:02:31,159
2024-05-27 15:02:33,159
2024-05-27 15:02:35,163
2024-05-27 15:02:37,160
2024-05-27 15:02:39,159
2024-05-27 15:02:41,161
2024-05-27 15:02:43,160
2024-05-27 15:02:45,161
2024-05-27 15:02:47,163
2024-05-27 15:02:49,163
2024-05-27 15:02:51,161
2024-05-27 15:02:53,161
2024-05-27 15:02:55,160
2024-05-27 15:02:57,159
2024-05-27 15:02:59,160
2024-05-27 15:03:01,160
2024-05-27 15:03:03,159
2024-05-27 15:03:05,161
2024-05-27 15:03:07,159
2024-05-27 15:03:09,160
2024-05-27 15:03:11,160
2024-05-27 15:03:13,160
2024-05-27 15:03:15,161
2024-05-27 15:03:17,160
2024-05-27 15:03:19,160
2024-05-27 15:03:21,157
2024-05-27 15:03:23,164
2024-05-27 15:03:25,161
2024-05-27 15:03:27,162
2024-05-27 15:03:29,161
2024-05-27 15:03:31,161
2024-05-27 15:03:33,160
2024-05-27 15:03:35,160
2024-05-27 15:03:37,158
2024-05-27 15:03:39,161
2024-05-27 15:03:41,159
2024-05-27 15:03:43,160
2024-05-27 15:03:45,159
2024-05-27 15:03:47,162
2024-05-27 15:03:49,160
2024-05-27 15:03:51,161
2024-05-27 15:03:53,161
2024-05-27 15:03:55,161
2024-05-27 15:03:57,160
2024-05-27 15:03:59,159
2024-05-27 15:04:01,163
2024-05-27 15:04:03,159
2024-05-27 15:04:05,162
2024-05-27 15:04:07,159
2024-05-27 15:04:09,158
2024-05-27 15:04:11,161
2024-05-27 15:04:13,158
2024-05-27 15:04:15,162
2024-05-27 15:04:17,159
2024-05-27 15:04:19,162
2024-05-27 15:04:21,162
2024-05-27 15:04:23,161
2024-05-27 15:04:25,161
2024-05-27 15:04:27,162
2024-05-27 15:04:29,161
2024-05-27 15:04:31,160
2024-05-27 15:04:33,162
2024-05-27 15:04:35,160
2024-05-27 15:04:37,158
2024-05-27 15:04:39,158
2024-05-27 15:04:41,161
2024-05-27 15:04:43,160
2024-05-27 15:04:45,162
2024-05-27 15:04:47,161
2024-05-27 15:04:49,158
2024-05-27 15:04:51,161
2024-05-27 15:04:53,162
2024-05-27 15:04:55,161
2024-05-27 15:04:57,161
2024-05-27 15:04:59,162
2024-05-27 15:05:01,157
2024-05-27 15:05:03,161
2024-05-27 15:05:05,161
2024-05-27 15:05:07,160
2024-05-27 15:05:09,159
2024-05-27 15:05:11,160
2024-05-27 15:05:13,161
2024-05-27 15:05:15,159
2024-05-27 15:05:17,160
2024-05-27 15:05:19,159
2024-05-27 15:05:21,161
2024-05-27 15:05:23,158
2024-05-27 15:05:25,160
2024-05-27 15:05:27,158
2024-05-27 15:05:29,159
2024-05-27 15:05:31,161
2024-05-27 15:05:33,162
2024-05-27 15:05:35,161
2024-05-27 15:05:37,161
2024-05-27 15:05:39,161
2024-05-27 15:05:41,161
2024-05-27 15:05:43,161
2024-05-27 15:05:45,160
2024-05-27 15:05:47,159
2024-05-27 15:05:49,163
2024-05-27 15:05:51,160
2024-05-27 15:05:53,161
2024-05-27 15:05:55,159
2024-05-27 15:05:57,161
2024-05-27 15:05:59,160
2024-05-27 15:06:01,162
2024-05-27 15:06:03,162
2024-05-27 15:06:05,159
2024-05-27 15:06:07,162
2024-05-27 15:06:09,160
2024-05-27 15:06:11,160
2024-05-27 15:06:13,161
2024-05-27 15:06:15,160
2024-05-27 15:06:17,162
2024-05-27 15:06:19,157
2024-05-27 15:06:21,160
2024-05-27 15:06:23,163
2024-05-27 15:06:25,161
2024-05-27 15:06:27,162
2024-05-27 15:06:29,161
2024-05-27 15:06:31,161
2024-05-27 15:06:33,159
2024-05-27 15:06:35,159
2024-05-27 15:06:37,159
2024-05-27 15:06:39,159
2024-05-27 15:06:41,161
2024-05-27 15:06:43,160
2024-05-27 15:06:45,161
2024-05-27 15:06:47,160
2024-05-27 15:06:49,161
2024-05-27 15:06:51,161
2024-05-27 15:06:53,161
2024-05-27 15:06:55,159
2024-05-27 15:06:57,158
2024-05-27 15:06:59,160
2024-05-27 15:07:01,164
2024-05-27 15:07:03,160
2024-05-27 15:07:05,162
2024-05-27 15:07:07,161
2024-05-27 15:07:09,159
2024-05-27 15:07:11,162
2024-05-27 15:07:13,159
2024-05-27 15:07:15,162
2024-05-27 15:07:17,160
2024-05-27 15:07:19,159
2024-05-27 15:07:21,159
2024-05-27 15:07:23,159
2024-05-27 15:07:25,158
2024-05-27 15:07:27,162
2024-05-27 15:07:29,160
2024-05-27 15:07:31,162
2024-05-27 15:07:33,162
2024-05-27 15:07:35,160
2024-05-27 15:07:37,157
2024-05-27 15:07:39,161
2024-05-27 15:07:41,161
2024-05-27 15:07:43,159
2024-05-27 15:07:45,163
2024-05-27 15:07:47,161
2024-05-27 15:07:49,162
2024-05-27 15:07:51,163
2024-05-27 15:07:53,159
2024-05-27 15:07:55,161
2024-05-27 15:07:57,159
2024-05-27 15:07:59,159
2024-05-27 15:08:01,160
2024-05-27 15:08:03,161
2024-05-27 15:08:05,163
2024-05-27 15:08:07,161
2024-05-27 15:08:09,159
2024-05-27 15:08:11,160
2024-05-27 15:08:13,163
2024-05-27 15:08:15,160
2024-05-27 15:08:17,162
2024-05-27 15:08:19,160
2024-05-27 15:08:21,160
2024-05-27 15:08:23,161
2024-05-27 15:08:25,162
2024-05-27 15:08:27,160
2024-05-27 15:08:29,161
2024-05-27 15:08:31,160
2024-05-27 15:08:33,160
2024-05-27 15:08:35,161
2024-05-27 15:08:37,161
2024-05-27 15:08:39,159
2024-05-27 15:08:41,158
2024-05-27 15:08:43,159
2024-05-27 15:08:45,159
2024-05-27 15:08:47,160
2024-05-27 15:08:49,160
2024-05-27 15:08:51,161
2024-05-27 15:08:53,161
2024-05-27 15:08:55,157
2024-05-27 15:08:57,160
2024-05-27 15:08:59,159
2024-05-27 15:09:01,159
2024-05-27 15:09:03,159
2024-05-27 15:09:05,161
2024-05-27 15:09:07,160
2024-05-27 15:09:09,160
2024-05-27 15:09:11,159
2024-05-27 15:09:13,157
2024-05-27 15:09:15,159
2024-05-27 15:09:17,161
2024-05-27 15:09:19,160
2024-05-27 15:09:21,160
2024-05-27 15:09:23,159
2024-05-27 15:09:25,161
2024-05-27 15:09:27,159
2024-05-27 15:09:29,158
2024-05-27 15:09:31,161
2024-05-27 15:09:33,159
2024-05-27 15:09:35,161
2024-05-27 15:09:37,160
2024-05-27 15:09:39,160
2024-05-27 15:09:41,159
2024-05-27 15:09:43,157
2024-05-27 15:09:45,159
2024-05-27 15:09:47,161
2024-05-27 15:09:49,158
2024-05-27 15:09:51,158
2024-05-27 15:09:53,164
2024-05-27 15:09:55,161
2024-05-27 15:09:57,163
2024-05-27 15:09:59,161
2024-05-27 15:10:01,161
2024-05-27 15:10:03,160
2024-05-27 15:10:05,161
2024-05-27 15:10:07,158
2024-05-27 15:10:09,161
2024-05-27 15:10:11,162
2024-05-27 15:10:13,158
2024-05-27 15:10:15,158
2024-05-27 15:10:17,159
2024-05-27 15:10:19,159
2024-05-27 15:10:21,160
2024-05-27 15:10:23,159
2024-05-27 15:10:25,162
2024-05-27 15:10:27,159
2024-05-27 15:10:29,159
2024-05-27 15:10:31,161
2024-05-27 15:10:33,159
2024-05-27 15:10:35,161
2024-05-27 15:10:37,159
2024-05-27 15:10:39,160
2024-05-27 15:10:41,160
2024-05-27 15:10:43,159
2024-05-27 15:10:45,159
2024-05-27 15:10:47,160
2024-05-27 15:10:49,160
2024-05-27 15:10:51,161
2024-05-27 15:10:53,160
2024-05-27 15:10:55,161
2024-05-27 15:10:57,159
2024-05-27 15:10:59,160
2024-05-27 15:11:01,160
2024-05-27 15:11:03,158
2024-05-27 15:11:05,161
2024-05-27 15:11:07,160
2024-05-27 15:11:09,159
2024-05-27 15:11:11,159
2024-05-27 15:11:13,161
2024-05-27 15:11:15,158
2024-05-27 15:11:17,160
2024-05-27 15:11:19,160
2024-05-27 15:11:21,162
2024-05-27 15:11:23,158
2024-05-27 15:11:25,160
2024-05-27 15:11:27,161
2024-05-27 15:11:29,160
2024-05-27 15:11:31,160
2024-05-27 15:11:33,161
2024-05-27 15:11:35,160
2024-05-27 15:11:37,161
2024-05-27 15:11:39,160
2024-05-27 15:11:41,163
2024-05-27 15:11:43,160
2024-05-27 15:11:45,160
2024-05-27 15:11:47,160
2024-05-27 15:11:49,161
2024-05-27 15:11:51,159
2024-05-27 15:11:53,160
2024-05-27 15:11:55,158
2024-05-27 15:11:57,161
2024-05-27 15:11:59,159
2024-05-27 15:12:01,159
2024-05-27 15:12:03,158
2024-05-27 15:12:05,161
2024-05-27 15:12:07,163
2024-05-27 15:12:09,162
2024-05-27 15:12:11,159
2024-05-27 15:12:13,161
2024-05-27 15:12:15,161
2024-05-27 15:12:17,159
2024-05-27 15:12:19,161
2024-05-27 15:12:21,161
2024-05-27 15:12:23,161
2024-05-27 15:12:25,161
2024-05-27 15:12:27,161
2024-05-27 15:12:29,160
2024-05-27 15:12:31,159
2024-05-27 15:12:33,160
2024-05-27 15:12:35,159
2024-05-27 15:12:37,160
2024-05-27 15:12:39,161
2024-05-27 15:12:41,157
2024-05-27 15:12:43,162
2024-05-27 15:12:45,157
2024-05-27 15:12:47,161
2024-05-27 15:12:49,159
2024-05-27 15:12:51,161
2024-05-27 15:12:53,159
2024-05-27 15:12:55,160
2024-05-27 15:12:57,161
2024-05-27 15:12:59,161
2024-05-27 15:13:01,159
2024-05-27 15:13:03,164
2024-05-27 15:13:05,162
2024-05-27 15:13:07,160
2024-05-27 15:13:09,159
2024-05-27 15:13:11,157
2024-05-27 15:13:13,159
2024-05-27 15:13:15,160
2024-05-27 15:13:17,161
2024-05-27 15:13:19,160
2024-05-27 15:13:21,162
2024-05-27 15:13:23,162
2024-05-27 15:13:25,162
2024-05-27 15:13:27,160
2024-05-27 15:13:29,160
2024-05-27 15:13:31,159
2024-05-27 15:13:33,159
2024-05-27 15:13:35,161
2024-05-27 15:13:37,159
2024-05-27 15:13:39,161
2024-05-27 15:13:41,158
2024-05-27 15:13:43,159
2024-05-27 15:13:45,161
2024-05-27 15:13:47,163
2024-05-27 15:13:49,161
2024-05-27 15:13:51,159
2024-05-27 15:13:53,160
2024-05-27 15:13:55,160
2024-05-27 15:13:57,159
2024-05-27 15:13:59,161
2024-05-27 15:14:01,159
2024-05-27 15:14:03,158
2024-05-27 15:14:05,160
2024-05-27 15:14:07,157
2024-05-27 15:14:09,158
2024-05-27 15:14:11,161
2024-05-27 15:14:13,159
2024-05-27 15:14:15,160
2024-05-27 15:14:17,160
2024-05-27 15:14:19,160
2024-05-27 15:14:21,158
2024-05-27 15:14:23,164
2024-05-27 15:14:25,159
2024-05-27 15:14:27,161
2024-05-27 15:14:29,160
2024-05-27 15:14:31,160
2024-05-27 15:14:33,160
2024-05-27 15:14:35,159
2024-05-27 15:14:37,161
2024-05-27 15:14:39,159
2024-05-27 15:14:41,160
2024-05-27 15:14:43,162
2024-05-27 15:14:45,160
2024-05-27 15:14:47,161
2024-05-27 15:14:49,159
2024-05-27 15:14:51,159
2024-05-27 15:14:53,160
2024-05-27 15:14:55,161
2024-05-27 15:14:57,158
2024-05-27 15:14:59,161
2024-05-27 15:15:01,159
2024-05-27 15:15:03,159
2024-05-27 15:15:05,163
2024-05-27 15:15:07,159
2024-05-27 15:15:09,160
2024-05-27 15:15:11,162
2024-05-27 15:15:13,161
2024-05-27 15:15:15,161
2024-05-27 15:15:17,159
2024-05-27 15:15:19,162
2024-05-27 15:15:21,157
2024-05-27 15:15:23,158
2024-05-27 15:15:25,164
2024-05-27 15:15:27,161
2024-05-27 15:15:29,161
2024-05-27 15:15:31,162
2024-05-27 15:15:33,161
2024-05-27 15:15:35,160
2024-05-27 15:15:37,159
2024-05-27 15:15:39,159
2024-05-27 15:15:41,157
2024-05-27 15:15:43,161
2024-05-27 15:15:45,159
2024-05-27 15:15:47,160
2024-05-27 15:15:49,160
2024-05-27 15:15:51,159
2024-05-27 15:15:53,162
2024-05-27 15:15:55,160
2024-05-27 15:15:57,160
2024-05-27 15:15:59,160
2024-05-27 15:16:01,159
2024-05-27 15:16:03,163
2024-05-27 15:16:05,157
2024-05-27 15:16:07,159
2024-05-27 15:16:09,159
2024-05-27 15:16:11,158
2024-05-27 15:16:13,160
2024-05-27 15:16:15,161
2024-05-27 15:16:17,160
2024-05-27 15:16:19,159
2024-05-27 15:16:21,157
2024-05-27 15:16:23,159
2024-05-27 15:16:25,158
2024-05-27 15:16:27,161
2024-05-27 15:16:29,162
2024-05-27 15:16:31,158
2024-05-27 15:16:33,160
2024-05-27 15:16:35,158
2024-05-27 15:16:37,161
2024-05-27 15:16:39,160
2024-05-27 15:16:41,159
2024-05-27 15:16:43,159
2024-05-27 15:16:45,159
2024-05-27 15:16:47,160
2024-05-27 15:16:49,160
2024-05-27 15:16:51,158
2024-05-27 15:16:53,160
2024-05-27 15:16:55,161
2024-05-27 15:16:57,160
2024-05-27 15:16:59,162
2024-05-27 15:17:01,161
2024-05-27 15:17:03,158
2024-05-27 15:17:05,159
2024-05-27 15:17:07,160
2024-05-27 15:17:09,162
2024-05-27 15:17:11,161
2024-05-27 15:17:13,159
2024-05-27 15:17:15,161
2024-05-27 15:17:17,159
2024-05-27 15:17:19,161
2024-05-27 15:17:21,158
2024-05-27 15:17:23,159
2024-05-27 15:17:25,158
2024-05-27 15:17:27,162
2024-05-27 15:17:29,163
2024-05-27 15:17:31,161
2024-05-27 15:17:32,158
2024-05-27 15:17:33,159
2024-05-27 15:17:34,160
2024-05-27 15:17:35,162
2024-05-27 15:17:36,158
2024-05-27 15:17:37,160
2024-05-27 15:17:38,159
2024-05-27 15:17:39,159
2024-05-27 15:17:40,161
2024-05-27 15:17:41,162
2024-05-27 15:17:42,161
2024-05-27 15:17:43,160
2024-05-27 15:17:44,160
2024-05-27 15:17:45,159
2024-05-27 15:17:46,160
2024-05-27 15:17:47,158
2024-05-27 15:17:48,160
2024-05-27 15:17:49,159
2024-05-27 15:17:50,161
2024-05-27 15:17:51,161
2024-05-27 15:17:52,160
2024-05-27 15:17:53,162
2024-05-27 15:17:54,157
2024-05-27 15:17:55,163
2024-05-27 15:17:56,161
2024-05-27 15:17:57,159
2024-05-27 15:17:58,162
2024-05-27 15:17:59,159
2024-05-27 15:18:00,157
2024-05-27 15:18:01,161
2024-05-27 15:18:02,159
2024-05-27 15:18:03,161
2024-05-27 15:18:04,161
2024-05-27 15:18:05,160
2024-05-27 15:18:06,160
2024-05-27 15:18:07,160
2024-05-27 15:18:08,160
2024-05-27 15:18:09,158
2024-05-27 15:18:10,160
2024-05-27 15:18:11,159
2024-05-27 15:18:13,161
2024-05-27 15:18:13,162
2024-05-27 15:18:15,159
2024-05-27 15:18:15,161
2024-05-27 15:18:17,160
2024-05-27 15:18:17,158
2024-05-27 15:18:19,160
2024-05-27 15:18:19,159
2024-05-27 15:18:21,159
2024-05-27 15:18:21,159
2024-05-27 15:18:23,161
2024-05-27 15:18:23,158
2024-05-27 15:18:25,161
2024-05-27 15:18:25,160
2024-05-27 15:18:27,159
2024-05-27 15:18:27,159
2024-05-27 15:18:29,158
2024-05-27 15:18:29,160
2024-05-27 15:18:31,158
2024-05-27 15:18:31,158
2024-05-27 15:18:33,161
2024-05-27 15:18:33,160
2024-05-27 15:18:35,158
2024-05-27 15:18:35,159
2024-05-27 15:18:37,162
2024-05-27 15:18:37,161
2024-05-27 15:18:39,160
2024-05-27 15:18:39,160
2024-05-27 15:18:41,161
2024-05-27 15:18:41,160
2024-05-27 15:18:43,159
2024-05-27 15:18:43,160
2024-05-27 15:18:45,160
2024-05-27 15:18:45,159
2024-05-27 15:18:47,162
2024-05-27 15:18:47,160
2024-05-27 15:18:49,160
2024-05-27 15:18:49,159
2024-05-27 15:18:51,162
2024-05-27 15:18:51,157
2024-05-27 15:18:53,159
2024-05-27 15:18:54,158
2024-05-27 15:18:55,161
